,Lon,Lat,Neolithic,Urbanization,Interval,PC1Neolithic,PC2Neolithic,PC1urbanization,PC2urbanization,PC1Currenttime,PC2Currenttime,Total.Pathogen.Stress,Alpha,DistanceAfrica,AUC_complex
Adygei,39,44,7000,1000,6000,0.160498115,-0.457860955,0.323904174,0.330029225,0.593776864,0.787802973,11,0.394712644,4940.674078,47347.97944
Balochi,66.5,30.5,9000,6000,3000,-0.850573452,-3.701293607,-0.5500419,-3.524826109,-0.898006226,-3.424292535,13,0.269655172,6627.700932,37866.73044
BantuKenya,37,-3,4000,1000,3000,1.106346426,-2.520524692,1.173367622,-2.551035217,0.972834773,-2.351231095,19,0.101609195,0,9210.992686
BantuSouthAfrica,24.25,-25.6,1800,520,1280,-0.201101004,-3.034928533,-0.276018285,-3.047010922,-0.358283927,-3.068040446,11,0.039126437,0,9210.992686
Basque,0,43,6000,3000,3000,0.467037813,-0.803139594,0.607141675,-0.601491186,0.136170788,-0.541391301,9,0.313793103,6862.659265,21371.58725
Bedouin,35,31,11650,6000,5650,-0.292104877,-3.140600737,-0.043615363,-3.25157146,-0.120668682,-3.10941416,12,0.394648276,3630.589745,47347.97944
BergamoItalian,10,46,8000,3000,5000,-0.880299163,0.361203253,-0.462874939,0.700855307,-0.596614747,0.816070116,11,0.314252874,6093.341394,23091.50136
Biaka,17,4,4500,1000,3500,2.450317093,-1.506214391,2.597485471,-1.377601387,2.28383632,-1.58178952,18,0.062666667,0,1027.678771
Bougainville,155,-6,9000,50,8950,6.594925513,3.78706648,6.266842542,3.984334972,6.266842542,3.984334972,15,0.018712644,16935.34968,372.3324921
Brahui,66.5,30.5,9000,6000,3000,-0.850573452,-3.701293607,-0.5500419,-3.524826109,-0.898006226,-3.424292535,13,0.269655172,6627.700932,37866.73044
Burusho,74,36.5,8000,3000,5000,-3.775303346,-0.773303505,-3.435051322,-0.588254533,-3.429573179,0.064771542,11,0.265977012,7261.248228,37866.73044
Cambodian,105,12,4500,1000,3500,2.422275456,-2.582652305,2.465744572,-2.622688169,2.484740993,-2.324577556,14,0.095632184,11046.19103,11830.25337
Colombian,-68,3,7500,1000,6500,4.750364952,0.929683561,4.973790065,1.459437966,4.935081972,1.535666725,11,0.102528736,23926.61986,3258.429518
Dai,100,21,4500,1000,3500,1.664388828,-1.938143962,1.83701258,-1.79510936,1.729203251,-1.657711819,11,0.097701149,10129.59899,362.9505421
Daur,124,48.5,6000,3000,3000,-2.385103134,-2.248923557,-2.463630018,-2.212216168,-2.658019634,-2.235690137,8,0.172873563,10998.77408,14889.6273
Druze,35,32,11650,6000,5650,0.205901841,-2.622284307,0.544889677,-2.688987435,0.205901841,-2.622284307,12,0.394648276,3672.897276,47347.97944
French,2,46,6000,2000,4000,0.229161955,-0.230803779,0.038143856,-0.184958111,-0.041322621,-0.048496615,9,0.305977012,6703.724537,21371.58725
Han,114,32.3,10000,4000,6000,-0.34649246,-2.054191492,0.186558212,-1.918449682,0.215822651,-1.838538112,14,0.220211494,10917.54246,45528.34576
Hazara,70,33.5,9000,6000,3000,-0.617110938,-2.077665232,-0.286024956,-1.864292853,-0.139592949,-1.860559479,13,0.265977012,6918.210539,37866.73044
Hezhen,133.5,47.5,6000,2000,4000,-2.318448394,-1.81689931,-2.386063602,-1.656007241,-2.403422766,-1.704619331,8,0.172873563,11681.84951,14889.6273
Japanese,139,37.5,5000,3000,2000,0.742981667,0.593756973,0.873976142,0.665692767,2.533637414,2.387076044,16,0.033103448,12651.73554,13498.77874
Kalash,71.5,36,8000,4000,4000,-2.418273418,-1.000725351,-2.363509134,-0.852647792,-2.123229519,0.745364613,13,0.265977012,7039.261921,37866.73044
Karitiana,-63,-10,7000,1000,6000,3.566666092,-0.180176877,3.077346223,-0.797910704,2.574018788,-1.490618553,16,0.102528736,25222.1613,4518.707945
Lahu,100,22,4500,2000,2500,1.488743146,-1.914168524,1.616324577,-1.779538051,1.339771693,-1.809116422,11,0.097701149,10085.26998,362.9505421
Makrani,64,26,9000,6000,3000,-0.47402569,-3.726075918,-0.252019047,-3.68377411,-0.479098301,-3.529681677,13,0.269655172,6490.638032,37866.73044
Mandenka,-12,12,4500,1000,3500,2.105442499,-3.801201996,2.525251828,-3.287032495,1.935072074,-3.453774253,17,0.085287356,0,9210.992686
Maya,-91,19,8700,2000,6700,1.819456253,-2.360115639,2.44246283,-2.123942644,2.04811876,-2.203355768,14,0.027126437,20520.51341,6554.806265
Mbuti,29,1,4000,520,3480,2.416012042,-0.606843904,2.321706306,-0.464372252,2.196981535,-0.431527891,17,0.069609195,0,1027.678771
Miao,109,28,10000,4000,6000,0.29923077,-1.53399097,0.765277966,-1.299306048,0.901412286,-1.020541779,14,0.192643678,10660.96123,45528.34576
Mongolian,119,48.5,6000,2000,4000,-2.939626406,-2.242612675,-3.045126914,-2.053159619,-3.095869359,-2.111217352,7,0.174482759,10655.49679,14889.6273
Mozabite,3,32,7400,2000,5400,-0.6900469,-3.619547738,-0.498145249,-3.527331909,-0.55946932,-3.504909054,10,0.194022989,2676.680196,9210.992686
Naxi,100,26,4650,1000,3650,0.286040347,-1.673861655,0.265663973,-1.667784711,0.300463653,-1.70234013,12,0.176551724,9917.010877,532.6181799
NorthernHan,107.8,34.7,10000,4000,6000,-1.240014376,-2.211846967,-0.952771744,-2.130170206,-0.805548158,-2.060077526,14,0.217590805,10285.14078,45528.34576
Orcadian,-3,59,4000,2000,2000,0.512378103,0.451896838,0.179238557,0.510836143,0.64151737,0.816781073,9,0.243448276,7456.346952,1308.136033
Oroqen,126.5,50.4,6000,2000,4000,-2.700009939,-1.972193226,-2.786086332,-1.838110797,-2.823416069,-1.774277556,8,0.172873563,11080.68188,14889.6273
Palestinian,35,32,11650,6000,5650,0.205901841,-2.622284307,0.544889677,-2.688987435,0.205901841,-2.622284307,12,0.394648276,3672.897276,47347.97944
PapuanHighlands,145.4,-6.1,9000,100,8900,4.158226993,2.065071417,3.838506502,2.367089454,3.838506502,2.367089454,14,0.018712644,15951.02235,372.3324921
PapuanSepik,143,-4,9000,100,8900,4.307252693,0.986024179,4.365281114,1.428342479,4.365281114,1.428342479,11,0.018712644,15614.73583,372.3324921
Pathan,70.5,33.5,9000,6000,3000,-0.617110938,-2.077665232,-0.286024956,-1.864292853,-0.139592949,-1.860559479,13,0.265977012,6964.404337,37866.73044
Pima,-108,29,8700,1000,7700,1.439437975,-2.515261592,0.914320401,-2.433703475,0.18622997,-2.542219235,11,0.077701149,18737.01572,6554.806265
Russian,40,61,1000,520,480,-1.694994822,-0.5071694,-1.561938967,-0.294818701,-1.428883112,-0.082468003,10,0.168965517,6813.86386,23187.08246
San,20,-21,1800,1000,800,-0.075468455,-3.352006883,-0.021572381,-3.331406196,-0.194987477,-3.473005616,8,0.03816092,0,1027.678771
Sardinian,9,40,8000,4000,4000,0.156378215,-1.648241102,0.348430778,-1.475785533,-0.079115353,-1.687248893,11,0.308045977,6158.95803,23091.50136
She,119,27,10000,3000,7000,1.020547019,-0.54963551,1.395488336,-0.542255525,1.507952285,-0.465304379,14,0.192183908,11603.45611,45528.34576
Sindhi,69,25.5,9000,6000,3000,0.117397113,-4.379095165,0.237814947,-4.375459248,0.147064598,-4.695494507,13,0.269655172,6987.343218,37866.73044
Surui,-62,-11,7000,3000,4000,3.022496027,-0.910276725,2.649240715,-1.411737376,2.251545354,-1.932219436,12,0.102528736,25377.32166,4518.707945
Tu,101,36,10000,4000,6000,-2.584871517,-1.931117637,-2.40826664,-1.787070489,-2.204410023,-1.484953253,14,0.208395402,9653.782121,45528.34576
Tujia,109,29,10000,3000,7000,0.158409756,-1.513706473,0.666017474,-1.400357055,1.082956525,-0.763618529,14,0.192643678,10618.13953,45528.34576
Tuscan,11,43,8000,4000,4000,-0.061370866,-1.225035781,0.248622927,-0.907649351,0.100260653,-0.853224679,11,0.314252874,5968.911149,23091.50136
Uygur,81,44,5000,3000,2000,-2.459356482,-1.607087446,-2.298806299,-1.553841902,-2.058758868,-0.963911985,11,0.242298851,7857.610436,23187.08246
Xibo,81.5,43.5,5000,2000,3000,-2.148273462,-1.778409052,-2.113385,-1.663670832,-1.479098882,-1.300641872,11,0.242298851,7895.933639,23187.08246
Yakut,129.5,63,3000,170,2830,-4.50628358,-1.320992101,-4.472040576,-1.045068126,-4.472040576,-1.045068126,7,0.110804598,10704.7487,1550.24147
Yi,103,28,4650,1000,3650,0.405276976,-1.715685203,0.434275,-1.610341743,0.421696104,-1.369277479,12,0.176551724,10114.43324,532.6181799
Yoruba,5,8,4500,2000,2500,2.043261892,-2.639439134,2.149126404,-2.571369198,2.169805021,-2.481893216,18,0.075632184,0,9210.992686
