Inf,NGA,Time,V1,V2
1,Big Island Hawaii,1000,-4.354728003,-4.545182599
2,Big Island Hawaii,1200,-4.236787133,-4.145571831
3,Big Island Hawaii,1300,-4.114438949,-4.050415799
4,Big Island Hawaii,1400,-3.674560993,-3.835204118
5,Big Island Hawaii,1500,-3.508529863,-3.60590082
6,Big Island Hawaii,1600,-4.22358021,-4.197406535
7,Big Island Hawaii,1700,-2.545152137,-2.338453434
8,Big Island Hawaii,1800,-2.17244762,-2.355494892
9,Cahokia,-600,-5.918389794,-5.524037494
10,Cahokia,-100,-5.587922195,-5.606252229
11,Cahokia,300,-5.687052682,-5.916293534
12,Cahokia,500,-5.704191706,-5.52716907
13,Cahokia,600,-5.395691699,-5.737181744
14,Cahokia,800,-4.671510798,-4.686058587
15,Cahokia,900,-4.111876413,-4.149500896
16,Cahokia,1000,-3.970615875,-4.009121362
17,Cahokia,1100,-2.566672651,-2.63804226
18,Cahokia,1200,-2.556513498,-2.614494003
19,Cahokia,1300,-2.984122823,-3.071685465
20,Cahokia,1400,-4.004373575,-4.12819673
21,Cambodian Basin,300,0.744358486,0.912493656
22,Cambodian Basin,600,0.811895123,0.799314549
23,Cambodian Basin,700,1.527038832,1.510527598
24,Cambodian Basin,800,1.740142263,1.720144875
25,Cambodian Basin,900,2.651003687,2.69209688
26,Cambodian Basin,1000,2.335341614,2.452334798
27,Cambodian Basin,1100,2.623569775,2.580188538
28,Cambodian Basin,1300,2.218943703,2.488393437
29,Cambodian Basin,1500,2.347103926,2.32443317
30,Cambodian Basin,1600,2.224795341,2.212024189
31,Cambodian Basin,1700,2.272271388,2.069547465
32,Cambodian Basin,1800,2.165334403,2.097479275
33,Central Java,800,0.670223544,0.706441216
34,Central Java,900,0.71731039,0.753234394
35,Central Java,1100,1.418090017,1.476567001
36,Central Java,1200,1.197900606,1.361342753
37,Central Java,1300,1.913319969,1.9717213
38,Central Java,1600,1.812936491,2.224260979
39,Chuuk Islands,1800,-4.306612831,-4.394754654
40,Chuuk Islands,1900,-1.321894029,-1.135054513
41,Cuzco,100,-3.492325369,-3.867069746
42,Cuzco,200,-4.03238898,-4.074115802
43,Cuzco,300,-3.74881761,-4.031776348
44,Cuzco,400,-4.166551264,-3.915585319
45,Cuzco,500,-3.919746381,-4.232841455
46,Cuzco,700,-1.096199496,-1.174833185
47,Cuzco,1000,-3.544196276,-3.248177458
48,Cuzco,1300,-2.522493239,-2.326315972
49,Cuzco,1400,-0.098112719,-0.164109619
50,Cuzco,1500,0.029549586,-0.029509329
51,Deccan,-2700,-3.39206087,-3.809861256
52,Deccan,-1200,-3.939829418,-4.072154756
53,Deccan,-900,-3.715239905,-3.305423001
54,Deccan,-500,-3.09579678,-2.956115146
55,Deccan,-100,1.755230697,1.727299468
56,Deccan,0,1.757461907,1.735647393
57,Deccan,100,1.766602945,1.742092007
58,Deccan,200,1.779452648,1.754515655
59,Deccan,300,1.895842773,2.029270004
60,Deccan,500,1.39264545,1.457267203
61,Deccan,600,2.272165012,2.220544249
62,Deccan,700,2.314990422,2.229234169
63,Deccan,800,1.94505471,2.14264459
64,Deccan,900,1.947887635,2.153531088
65,Deccan,1000,2.409421232,2.464549975
66,Deccan,1200,1.980454251,1.879903284
67,Deccan,1300,0.617619649,1.105957143
68,Deccan,1400,2.275302209,2.248409261
69,Deccan,1500,2.341227735,2.369352925
70,Deccan,1600,2.405218688,2.333637012
71,Finger Lakes,1600,-2.959305049,-3.185398289
72,Finger Lakes,1700,-2.621360562,-2.97016118
73,Finger Lakes,1800,-2.418594933,-2.340272278
74,Garo Hills,1800,-3.926142197,-3.917786867
75,Garo Hills,1900,-0.716618802,-0.923614241
76,Ghanaian Coast,1600,-1.888369789,-2.05864628
77,Ghanaian Coast,1800,0.236366539,0.173198506
78,Iceland,1000,-2.596034195,-2.495161835
79,Iceland,1100,-1.934238688,-1.932881294
80,Iceland,1200,-1.26193172,-0.952745313
81,Iceland,1300,-0.593486331,-0.59031416
82,Kachi Plain,-7500,-4.343489888,-4.627542613
83,Kachi Plain,-5500,-4.521531102,-4.630774268
84,Kachi Plain,-4000,-3.421812836,-3.925922002
85,Kachi Plain,-3200,-3.723211472,-3.688727301
86,Kachi Plain,-2500,0.462240793,0.557160164
87,Kachi Plain,-1800,-3.186887728,-3.616603573
88,Kachi Plain,-1300,-2.394087478,-2.925604073
89,Kachi Plain,-300,2.416782975,2.624901192
90,Kachi Plain,-100,1.780310755,1.761029706
91,Kachi Plain,900,1.208244998,1.464917612
92,Kachi Plain,1000,1.370937519,1.358128542
93,Kachi Plain,1100,1.16912015,1.040945616
94,Kachi Plain,1200,2.257685752,2.178855661
95,Kachi Plain,1300,3.269023828,3.218548423
96,Kachi Plain,1400,1.541381809,1.529431413
97,Kachi Plain,1500,1.273678925,1.539107572
98,Kachi Plain,1600,2.152265984,2.789134848
99,Kachi Plain,1700,3.190240506,2.927176751
100,Kachi Plain,1800,0.984806247,1.284585013
101,Kansai,-300,-3.667687519,-3.691661415
102,Kansai,300,-1.494490141,-0.849273549
103,Kansai,400,-1.052043085,-0.577470496
104,Kansai,500,-0.356547198,0.19181614
105,Kansai,600,1.603512558,1.630301955
106,Kansai,700,1.483587593,1.60739781
107,Kansai,800,2.248353288,2.251223912
108,Kansai,900,2.275251218,2.269536241
109,Kansai,1000,2.249130005,2.248361465
110,Kansai,1100,2.26760974,2.272326137
111,Kansai,1200,2.114425741,2.054703839
112,Kansai,1300,2.066092048,2.118935676
113,Kansai,1400,2.183696898,2.165920211
114,Kansai,1500,1.496221436,1.408161248
115,Kansai,1600,2.248966457,2.300687425
116,Kansai,1700,3.259268947,3.304074841
117,Kansai,1800,3.278530288,3.323310181
118,Kapuasi Basin,1700,-4.704061039,-4.544907973
119,Kapuasi Basin,1900,-2.388319066,-2.300070702
120,Konya Plain,-9600,-5.608001453,-5.023590572
121,Konya Plain,-7000,-4.94387784,-5.018863225
122,Konya Plain,-6600,-4.692324729,-4.146331689
123,Konya Plain,-6000,-4.054665862,-4.069477245
124,Konya Plain,-5000,-3.718041122,-3.588339932
125,Konya Plain,-3000,-0.925311553,-0.792218936
126,Konya Plain,-2000,-0.109748675,-0.1379864
127,Konya Plain,-1600,0.767451129,0.765522698
128,Konya Plain,-1500,0.996445155,0.942552631
129,Konya Plain,-1400,0.901772167,0.846891217
130,Konya Plain,-1300,1.059474103,1.113977746
131,Konya Plain,-1200,1.084495518,1.118566509
132,Konya Plain,-1100,0.116613671,0.174489098
133,Konya Plain,-900,0.257339289,0.071840586
134,Konya Plain,-800,0.435412933,0.440262353
135,Konya Plain,-600,1.671260124,1.536520703
136,Konya Plain,-300,1.561921625,1.47444304
137,Konya Plain,-100,1.194760838,1.087861771
138,Konya Plain,300,3.346181523,3.334351994
139,Konya Plain,400,3.295183124,3.277315084
140,Konya Plain,500,3.402746863,3.376858062
141,Konya Plain,600,3.186378,3.169641222
142,Konya Plain,700,2.591210825,2.573649012
143,Konya Plain,800,2.63987315,2.622009904
144,Konya Plain,900,2.907708296,2.888595546
145,Konya Plain,1000,2.954012359,3.000117076
146,Konya Plain,1100,1.787969015,1.735452477
147,Konya Plain,1400,2.114496806,2.114529149
148,Konya Plain,1500,2.890121623,3.005964876
149,Konya Plain,1600,3.628241348,3.58672087
150,Konya Plain,1700,3.602826814,3.602897292
151,Konya Plain,1800,3.626041906,3.420424868
152,Latium,-3600,-4.063924067,-4.215527204
153,Latium,-1800,-5.233891392,-5.512025477
154,Latium,-1200,-4.564642675,-4.327988375
155,Latium,-1000,-4.648557514,-4.010113792
156,Latium,-800,-4.28024138,-4.494608318
157,Latium,-700,-0.524953261,-0.656202465
158,Latium,-600,-0.341931867,-0.415215918
159,Latium,-500,0.053970123,0.127657526
160,Latium,-400,0.092888845,0.260313586
161,Latium,-300,0.757678054,0.925634718
162,Latium,-200,1.720302538,1.782645539
163,Latium,-100,2.316363898,2.297609654
164,Latium,0,3.239792745,3.245405971
165,Latium,100,3.278622759,3.295932822
166,Latium,200,3.263123294,3.287800739
167,Latium,400,3.292886817,3.134722088
168,Latium,500,2.393347411,2.39307885
169,Latium,600,1.488484778,1.43628531
170,Latium,700,1.676798333,1.629325731
171,Latium,800,1.646586363,1.63450582
172,Latium,900,1.512882928,1.541521107
173,Latium,1000,1.347711879,1.343518343
174,Latium,1100,1.238079675,1.244995208
175,Latium,1200,1.577120466,1.605387023
176,Latium,1400,1.420943853,1.472104284
177,Latium,1500,1.361314633,1.427742566
178,Latium,1600,1.901048057,1.918652629
179,Latium,1700,2.068590396,2.050276895
180,Latium,1800,2.107759461,2.089366276
181,Lena River Valley,1400,-4.964455518,-4.650568269
182,Lena River Valley,1700,-2.083434447,-2.279738078
183,Lena River Valley,1900,-1.573062961,-1.603215394
184,Lowland Andes,1600,-4.531548079,-4.198728858
185,Lowland Andes,1900,-3.752903352,-3.834245278
186,Middle Yellow River Valley,-5000,-3.650502913,-3.880083355
187,Middle Yellow River Valley,-3000,-0.441021363,-0.471379477
188,Middle Yellow River Valley,-1800,0.062452132,0.035809951
189,Middle Yellow River Valley,-1600,0.840140689,0.907918606
190,Middle Yellow River Valley,-1200,1.301912654,1.285810279
191,Middle Yellow River Valley,-1100,1.659993395,1.391758131
192,Middle Yellow River Valley,-1000,1.619276027,1.544390605
193,Middle Yellow River Valley,-900,1.717124673,1.633565467
194,Middle Yellow River Valley,-800,1.744159803,1.670148345
195,Middle Yellow River Valley,-700,1.227857458,0.907237388
196,Middle Yellow River Valley,-400,1.051738182,1.024009727
197,Middle Yellow River Valley,-300,1.42283802,1.400198011
198,Middle Yellow River Valley,-200,2.966325332,2.988163297
199,Middle Yellow River Valley,-100,3.022406159,3.044480411
200,Middle Yellow River Valley,0,3.028982174,3.051084132
201,Middle Yellow River Valley,100,2.865716304,2.925054955
202,Middle Yellow River Valley,200,2.241341832,2.347667666
203,Middle Yellow River Valley,300,2.884879513,2.841659304
204,Middle Yellow River Valley,400,2.177267042,2.32492554
205,Middle Yellow River Valley,500,2.474427092,2.492249272
206,Middle Yellow River Valley,600,2.742862672,2.702480287
207,Middle Yellow River Valley,700,3.041331652,3.013109945
208,Middle Yellow River Valley,800,2.991191205,2.926548651
209,Middle Yellow River Valley,900,2.937513954,2.899873339
210,Middle Yellow River Valley,1000,3.601534628,3.707807098
211,Middle Yellow River Valley,1100,3.670897178,3.77802007
212,Middle Yellow River Valley,1200,3.319859578,2.874293184
213,Middle Yellow River Valley,1300,3.698833459,3.666195009
214,Middle Yellow River Valley,1400,3.147204489,3.137683792
215,Middle Yellow River Valley,1500,3.338192074,3.321138336
216,Middle Yellow River Valley,1600,3.490125979,3.474328391
217,Middle Yellow River Valley,1700,3.876727656,3.855761905
218,Middle Yellow River Valley,1800,3.951023618,3.935535922
219,Middle Yellow River Valley,1900,3.992076999,3.980094718
220,Niger Inland Delta,-200,-5.032007149,-5.020765848
221,Niger Inland Delta,100,-3.986284481,-3.993504869
222,Niger Inland Delta,400,-3.000262376,-3.053442095
223,Niger Inland Delta,700,-3.010384196,-3.063620183
224,Niger Inland Delta,900,-1.700188008,-1.643527823
225,Niger Inland Delta,1000,0.156901034,0.211794954
226,Niger Inland Delta,1100,1.066461942,1.115333045
227,Niger Inland Delta,1300,1.16454553,1.093135274
228,Niger Inland Delta,1400,1.256457907,1.185386698
229,Niger Inland Delta,1500,1.776159232,1.83086533
230,Niger Inland Delta,1600,2.240186932,2.24217441
231,Niger Inland Delta,1800,1.605025284,1.604233523
232,North Colombia,300,-3.382548692,-3.591838337
233,North Colombia,600,-3.614987805,-3.65594795
234,North Colombia,700,-3.369881359,-4.006219742
235,North Colombia,800,-3.479476502,-3.582127137
236,North Colombia,900,-3.207999421,-3.732592439
237,North Colombia,1000,-3.495275334,-3.725732164
238,North Colombia,1100,-2.298477951,-2.336637081
239,North Colombia,1200,-1.975876876,-1.995497362
240,North Colombia,1400,-1.69100567,-1.74894151
241,Orkhon Valley,-1400,-2.825727943,-2.913640887
242,Orkhon Valley,-400,-2.921621956,-2.659391102
243,Orkhon Valley,-200,-1.294428652,-1.342628643
244,Orkhon Valley,0,-1.372891054,-1.327045069
245,Orkhon Valley,100,-1.869127096,-1.90145696
246,Orkhon Valley,300,-1.741184698,-1.718694713
247,Orkhon Valley,500,-0.650153746,-0.759088137
248,Orkhon Valley,600,0.118841009,0.231038251
249,Orkhon Valley,700,0.050867653,-0.312039226
250,Orkhon Valley,800,0.509871438,0.677623609
251,Orkhon Valley,1000,2.294545384,2.290729074
252,Orkhon Valley,1200,-2.993137929,-3.000125314
253,Orkhon Valley,1300,3.322411537,3.285380751
254,Orkhon Valley,1400,1.153362109,0.96437551
255,Orkhon Valley,1600,0.592969931,0.612412298
256,Orkhon Valley,1700,1.370240022,1.130174347
257,Oro PNG,1800,-3.461234371,-3.624613918
258,Oro PNG,1900,-0.995567619,-0.992605743
259,Paris Basin,-3200,-3.740315376,-3.676231415
260,Paris Basin,-2200,-3.655977078,-3.69480418
261,Paris Basin,-1000,-4.301135259,-4.42113638
262,Paris Basin,-900,-3.466148742,-3.554264343
263,Paris Basin,-800,-3.427501262,-3.478258394
264,Paris Basin,-700,-3.064408222,-3.112506726
265,Paris Basin,-600,-2.522376015,-2.638471492
266,Paris Basin,-400,-1.877516057,-2.09129678
267,Paris Basin,-300,-1.450329552,-1.465246805
268,Paris Basin,-200,-0.915117986,-0.986633123
269,Paris Basin,-100,-0.448260687,-0.461594043
270,Paris Basin,500,1.57783469,1.552742766
271,Paris Basin,600,1.510469591,1.477410173
272,Paris Basin,700,1.414874289,1.456111956
273,Paris Basin,800,1.898453583,1.852921419
274,Paris Basin,900,1.413890795,1.415847677
275,Paris Basin,1000,1.113635528,1.124054994
276,Paris Basin,1100,0.804446635,0.812768444
277,Paris Basin,1200,2.492080262,2.484299534
278,Paris Basin,1300,2.470491326,2.462066632
279,Paris Basin,1400,2.413516371,2.435259596
280,Paris Basin,1500,2.939305466,2.880923467
281,Paris Basin,1600,3.30155892,3.24623808
282,Paris Basin,1700,3.746243819,3.738829482
283,Sogdiana,-3500,-3.715781639,-3.690458278
284,Sogdiana,-2000,-3.833213856,-3.919438213
285,Sogdiana,-1400,-4.47238087,-4.579811117
286,Sogdiana,-1000,-3.693983241,-3.962333991
287,Sogdiana,-900,-4.142468385,-3.615996462
288,Sogdiana,-800,-3.076404378,-3.181592399
289,Sogdiana,-700,-2.994779428,-3.034167029
290,Sogdiana,-200,1.716623501,1.732623725
291,Sogdiana,-100,0.859517311,0.794685741
292,Sogdiana,0,0.20180101,0.298344273
293,Sogdiana,100,2.154290014,2.195792571
294,Sogdiana,200,2.117070315,2.159446842
295,Sogdiana,500,1.936678922,1.970953509
296,Sogdiana,600,1.02844517,1.357990621
297,Sogdiana,700,0.776967492,0.753685229
298,Sogdiana,900,2.530084962,2.512669099
299,Sogdiana,1000,2.217370315,2.201640237
300,Sogdiana,1100,1.728691293,1.888649109
301,Sogdiana,1200,2.169709601,2.23666076
302,Sogdiana,1300,1.508453527,1.534595257
303,Sogdiana,1400,2.718965903,2.690729408
304,Sogdiana,1500,2.555821239,2.545160289
305,Sogdiana,1600,1.685382032,1.892090309
306,Sogdiana,1700,1.818655336,2.058866533
307,Southern China Hills,1800,-1.247028998,-1.256106082
308,Southern China Hills,1900,-0.03276102,0.605178473
309,Susiana,-7800,-4.649653504,-4.711844524
310,Susiana,-7200,-4.575944173,-4.453706611
311,Susiana,-7000,-4.178584639,-4.383039583
312,Susiana,-6000,-4.067899402,-4.249859215
313,Susiana,-5700,-4.32139714,-4.097220929
314,Susiana,-5100,-3.814965247,-3.430816932
315,Susiana,-5000,-3.544333714,-3.649667307
316,Susiana,-4700,-3.38720507,-3.282240602
317,Susiana,-4300,-3.012936427,-3.146336399
318,Susiana,-3900,-3.599863492,-3.237034696
319,Susiana,-3800,-1.360002961,-1.209415695
320,Susiana,-3700,-0.725476022,-1.043383468
321,Susiana,-3600,-0.655282254,-0.782901789
322,Susiana,-3500,-0.440645205,-0.468210862
323,Susiana,-3400,-0.375127015,-0.33511754
324,Susiana,-3300,-0.342282449,-0.091545568
325,Susiana,-3200,-0.497880766,-0.564356431
326,Susiana,-3100,-0.742733217,-0.49638188
327,Susiana,-3000,0.178165632,0.492745733
328,Susiana,-2600,0.625131507,0.810568565
329,Susiana,-2200,1.516226996,1.174404261
330,Susiana,-2000,1.411082554,1.178303196
331,Susiana,-1900,1.320790814,1.523121174
332,Susiana,-1800,1.047140975,1.77429201
333,Susiana,-1700,0.938616494,1.112229747
334,Susiana,-1600,0.934574946,1.076725549
335,Susiana,-1500,0.775985068,0.891425355
336,Susiana,-1400,1.407901548,1.058708815
337,Susiana,-1300,1.047819475,0.774880702
338,Susiana,-1200,1.198848661,1.388245389
339,Susiana,-900,0.650827459,1.120425363
340,Susiana,-700,1.314325883,0.705463984
341,Susiana,-600,-0.116058288,0.304096856
342,Susiana,-500,2.943321531,2.94201828
343,Susiana,-400,2.918764993,2.897789933
344,Susiana,-300,2.641265288,2.714155802
345,Susiana,-200,1.853641364,1.903341386
346,Susiana,-100,2.221047296,2.194668485
347,Susiana,0,2.392426552,2.416690112
348,Susiana,100,1.756570999,0.588445317
349,Susiana,300,2.172826203,2.13042864
350,Susiana,400,2.306820721,2.265094232
351,Susiana,500,2.490227857,2.569244541
352,Susiana,600,2.767566397,2.754738185
353,Susiana,700,2.409357384,2.427681418
354,Susiana,800,2.669915346,2.578256332
355,Susiana,900,2.418703645,2.156363283
356,Susiana,1000,2.319681977,2.328197185
357,Susiana,1100,2.671077048,2.58770187
358,Susiana,1200,2.366173202,2.387423983
359,Susiana,1300,2.638029829,2.633942421
360,Susiana,1500,1.916108253,2.095242965
361,Susiana,1600,2.556507111,2.528300922
362,Upper Egypt,-4400,-4.415045656,-4.631271118
363,Upper Egypt,-3800,-4.317915309,-3.961434565
364,Upper Egypt,-3700,-2.865830254,-2.872871967
365,Upper Egypt,-3600,-2.702417613,-2.395724625
366,Upper Egypt,-3500,-1.895500683,-2.291163376
367,Upper Egypt,-3400,-1.673360521,-2.160023182
368,Upper Egypt,-3300,-1.516472209,-1.520063733
369,Upper Egypt,-3200,-1.528071329,-1.483833547
370,Upper Egypt,-3100,0.01051487,-0.121615711
371,Upper Egypt,-2900,-0.094148275,0.024958266
372,Upper Egypt,-2800,-0.006689135,0.112785899
373,Upper Egypt,-2700,0.003688801,0.12320756
374,Upper Egypt,-2600,1.19674236,1.120872485
375,Upper Egypt,-2300,1.349561967,1.472623105
376,Upper Egypt,-2100,-0.497668013,0.018324978
377,Upper Egypt,-2000,1.263262148,1.157414024
378,Upper Egypt,-1900,1.312347288,1.206705975
379,Upper Egypt,-1800,1.319988219,1.214379099
380,Upper Egypt,-1700,0.857779205,0.909756804
381,Upper Egypt,-1500,1.701252354,1.708621329
382,Upper Egypt,-1400,1.768324475,1.775192415
383,Upper Egypt,-1300,1.77770737,1.784614844
384,Upper Egypt,-1200,1.913193083,1.867584004
385,Upper Egypt,-1100,1.888759352,1.843047327
386,Upper Egypt,-1000,1.170073001,1.422511533
387,Upper Egypt,-900,1.370002142,1.34226367
388,Upper Egypt,-700,1.538367244,1.474158385
389,Upper Egypt,-600,1.481157172,1.411664899
390,Upper Egypt,-400,1.90052776,1.838944555
391,Upper Egypt,-300,2.817185787,2.802120075
392,Upper Egypt,-200,2.720886166,2.704603279
393,Upper Egypt,-100,2.740443915,2.722851968
394,Upper Egypt,900,2.077287474,2.051497173
395,Upper Egypt,1000,2.770832023,2.863949544
396,Upper Egypt,1100,2.602517512,2.662907089
397,Upper Egypt,1200,2.5263897,2.465423368
398,Upper Egypt,1300,2.86479132,2.846701053
399,Upper Egypt,1400,2.943256044,2.898887137
400,Upper Egypt,1500,2.786096828,2.866775027
401,Valley of Oaxaca,-1400,-5.022435801,-4.689071724
402,Valley of Oaxaca,-1100,-4.860179362,-4.417658367
403,Valley of Oaxaca,-700,-4.233845506,-4.169955339
404,Valley of Oaxaca,-500,-3.793056993,-3.784348419
405,Valley of Oaxaca,-400,-3.66451751,-3.657911709
406,Valley of Oaxaca,-300,-2.44964207,-2.462811963
407,Valley of Oaxaca,-100,-2.403367661,-2.407396844
408,Valley of Oaxaca,200,-2.130195263,-2.362394147
409,Valley of Oaxaca,500,-2.180253843,-2.234807386
410,Valley of Oaxaca,700,-1.987622258,-2.335086868
411,Valley of Oaxaca,900,-2.494462007,-2.671854944
412,Valley of Oaxaca,1000,-2.478408139,-2.559410002
413,Yemeni Coastal Plain,1700,0.052057011,-0.452745096
414,Yemeni Coastal Plain,1900,-0.946817045,-0.809866861
